PRODUCT_NAME,PRICE,Image URL
무슈제이 베이직 아쿠아 보습 올인원 1+1 기획(200ml+200ml),24900.0,https://image.oliveyoung.co.kr/uploads/images/goods/400/10/0000/0017/A00000017689922ko.jpg?l=ko
우르오스 올인원 단품/기획 2종 택 1,29700.0,https://image.oliveyoung.co.kr/uploads/images/goods/400/10/0000/0011/A00000011754126ko.jpg?l=ko
아이디얼 포 맨 프레시 올인원 젤 로션 1+1 한정기획,28000.0,https://image.oliveyoung.co.kr/uploads/images/goods/400/10/0000/0020/A00000020506102ko.jpg?l=ko
아이디얼 포 맨 퍼펙트 올인원 HDEX콜라보 더블기획,48000.0,https://image.oliveyoung.co.kr/uploads/images/goods/400/10/0000/0019/A00000019889002ko.jpg?l=ko
라운드랩 1025 독도 로션 400ml 대용량,39000.0,https://image.oliveyoung.co.kr/uploads/images/goods/400/10/0000/0016/A00000016150810ko.jpg?l=ko
아벤느 트릭세라 뉴트리-플루이드 로션 200ml 더블 기획,44000.0,https://image.oliveyoung.co.kr/uploads/images/goods/400/10/0000/0020/A00000020693402ko.jpg?l=ko
온그리디언츠 스킨 베리어 카밍 속광 로션 기획(220ml+80ml),39900.0,https://image.oliveyoung.co.kr/uploads/images/goods/400/10/0000/0020/A00000020635203ko.jpg?l=ko
[올영픽/티벳동생PICK] 토리든 다이브인 포맨 저분자 히알루론산 올인원 200g 단품/기획 (+클렌징폼 30ml),24000.0,https://image.oliveyoung.co.kr/uploads/images/goods/400/10/0000/0020/A00000020711107ko.jpg?l=ko
닥터지 레드 블레미쉬 포 맨 올인원 오일컷 로션 150ml 기획(+30ml 추가증정),32000.0,https://image.oliveyoung.co.kr/uploads/images/goods/400/10/0000/0018/A00000018523509ko.jpg?l=ko
피지오겔 DMT 데일리보습 로션 200ml,38000.0,https://image.oliveyoung.co.kr/uploads/images/goods/400/10/0000/0001/A00000001280903ko.jpg?l=ko
[초저분자 히알루론산]아이디얼 포 맨 프레시 올인원 150mL 단품/기획(2024 AD),30000.0,https://image.oliveyoung.co.kr/uploads/images/goods/400/10/0000/0020/A00000020647402ko.jpg?l=ko
닥터지 레드 블레미쉬 포 맨 올인원 크림 150ml 기획세트(+30ml증정),29700.0,https://image.oliveyoung.co.kr/uploads/images/goods/400/10/0000/0017/A00000017165107ko.jpg?l=ko
아이디얼 포 맨 시카 흔적 올인원 HDEX 콜라보 더블 기획,51000.0,https://image.oliveyoung.co.kr/uploads/images/goods/400/10/0000/0019/A00000019943002ko.jpg?l=ko
아누아 어성초 70 데일리 로션 200ml,28000.0,https://image.oliveyoung.co.kr/uploads/images/goods/400/10/0000/0017/A00000017610304ko.jpg?l=ko
[쿨링캡슐]아이디얼 포 맨 선 올인원 120mL 단품/기획(2024 AD),27000.0,https://image.oliveyoung.co.kr/uploads/images/goods/400/10/0000/0020/A00000020647502ko.jpg?l=ko
[화해1위] 라운드랩 포 맨 소나무 진정 시카 로션 200ml,25000.0,https://image.oliveyoung.co.kr/uploads/images/goods/400/10/0000/0019/A00000019915405ko.jpg?l=ko
디오디너리 그랜액티브 레티노이드 2% 에멀전 30ml,17400.0,https://image.oliveyoung.co.kr/uploads/images/goods/400/10/0000/0014/A00000014872902ko.jpg?l=ko
[콜라겐]아이디얼 포 맨 퍼펙트 올인원 150mL 단품/기획 (2024 AD),32000.0,https://image.oliveyoung.co.kr/uploads/images/goods/400/10/0000/0020/A00000020647202ko.jpg?l=ko
[쿨링캡슐]아이디얼 포 맨 선 올인원 기획 2024 AD(120mL+20mL),27000.0,https://image.oliveyoung.co.kr/uploads/images/goods/400/10/0000/0020/A00000020788002ko.jpg?l=ko
피지오겔 레드수딩 AI 진정보습 로션 200ml,37500.0,https://image.oliveyoung.co.kr/uploads/images/goods/400/10/0000/0012/A00000012977106ko.jpg?l=ko
[단독기획] 아이오페 맨 올데이 퍼펙트 올인원 120ml 기획(+30ml 증정),38000.0,https://image.oliveyoung.co.kr/uploads/images/goods/400/10/0000/0018/A00000018469714ko.jpg?l=ko
[대용량/보습밤증정] 닥터지 더모이스처 배리어 D 로션 300ml 기획 (+멀티밤 1g),37000.0,https://image.oliveyoung.co.kr/uploads/images/goods/400/10/0000/0019/A00000019853906ko.jpg?l=ko
우르오스 스킨밀크 200ml,29700.0,https://image.oliveyoung.co.kr/uploads/images/goods/400/10/0000/0000/A00000000656508ko.jpg?l=ko
빌리프 맨올로지101 스마트 리차저 100ml기획(+리차저20ml+클렌징폼30ml),48000.0,https://image.oliveyoung.co.kr/uploads/images/goods/400/10/0000/0016/A00000016150615ko.jpg?l=ko
디오디너리 내추럴 모이스처라이징 팩터스+에이치에이 30ml,9600.0,https://image.oliveyoung.co.kr/uploads/images/goods/400/10/0000/0014/A00000014131702ko.jpg?l=ko
플리프 시카-알로에 카밍 올인원 로션 (200ml+50ml),24000.0,https://image.oliveyoung.co.kr/uploads/images/goods/400/10/0000/0014/A00000014584013ko.jpg?l=ko
우르오스 스킨로션 200ml,29700.0,https://image.oliveyoung.co.kr/uploads/images/goods/400/10/0000/0000/A00000000656408ko.jpg?l=ko
[시카]아이디얼 포 맨 시카 올인원150mL 단품/기획(2024 AD),30000.0,https://image.oliveyoung.co.kr/uploads/images/goods/400/10/0000/0020/A00000020647302ko.jpg?l=ko
크리니크 노란에센스 젤/로션 125ml 기획 (루피 키링 증정),55000.0,https://image.oliveyoung.co.kr/uploads/images/goods/400/10/0000/0018/A00000018149611ko.jpg?l=ko
[시카보다 4배*강한] 한율 어린쑥 수분진정 플루이드 125ml,32000.0,https://image.oliveyoung.co.kr/uploads/images/goods/400/10/0000/0018/A00000018374408ko.jpg?l=ko
[NEW] 바이오힐보 프로바이오덤 3D 리프팅 에멀전 150ml,29000.0,https://image.oliveyoung.co.kr/uploads/images/goods/400/10/0000/0020/A00000020324704ko.jpg?l=ko
[NEW] 에스트라 아토베리어365 로션 150ml+150ml 리필 기획,53400.0,https://image.oliveyoung.co.kr/uploads/images/goods/400/10/0000/0019/A00000019949506ko.jpg?l=ko
차앤박(CNP) 옴므랩 올인원 플루이드 120ml 기획 (+80ml 증정),30000.0,https://image.oliveyoung.co.kr/uploads/images/goods/400/10/0000/0018/A00000018866401ko.jpg?l=ko
비오템 옴므 아쿠아파워 올인원 세트 (클렌저 40ml+올인원 20ml),62000.0,https://image.oliveyoung.co.kr/uploads/images/goods/400/10/0000/0013/A00000013748806ko.jpg?l=ko
[서기PICK/7월한정]닥터지 레드 블레미쉬 포 맨 올인원 톤 로션 50ml 기획(+젠틀폼 30ml),32000.0,https://image.oliveyoung.co.kr/uploads/images/goods/400/10/0000/0020/A00000020745612ko.jpg?l=ko
리얼베리어 익스트림 로션 150ml 기획 (+50ml),30000.0,https://image.oliveyoung.co.kr/uploads/images/goods/400/10/0000/0019/A00000019966502ko.jpg?l=ko
바이오힐보 비타민 히알루로닉 에멀전 150mL,22000.0,https://image.oliveyoung.co.kr/uploads/images/goods/400/10/0000/0014/A00000014952502ko.jpg?l=ko
[NEW/티벳동생PICK] 토리든 다이브인 포맨 저분자 히알루론산 2종(올인원기획/스킨_젤로션기획),24000.0,https://image.oliveyoung.co.kr/uploads/images/goods/400/10/0000/0020/A00000020734002ko.jpg?l=ko
[수분진정] 이니스프리 그린티 히알루론산 로션 170ml,21000.0,https://image.oliveyoung.co.kr/uploads/images/goods/400/10/0000/0018/A00000018321013ko.jpg?l=ko
[NEW/리뉴얼] 에스트라 아토베리어365 로션 150ml,33000.0,https://image.oliveyoung.co.kr/uploads/images/goods/400/10/0000/0019/A00000019832102ko.jpg?l=ko
라끄베르 옴므 리차지 에멀전 180ml,15000.0,https://image.oliveyoung.co.kr/uploads/images/goods/400/10/0000/0001/A00000001674902ko.jpg?l=ko
[김지훈 Pick] 미프 비타맥스 올인원 로션 리필 세트 기획 (본품 200ml+리필 150ml*2ea),34900.0,https://image.oliveyoung.co.kr/uploads/images/goods/400/10/0000/0017/A00000017367227ko.jpg?l=ko
[NEW] 아이오페 맨 올데이 퍼펙트 톤업 올인원 120ml,38000.0,https://image.oliveyoung.co.kr/uploads/images/goods/400/10/0000/0019/A00000019117905ko.jpg?l=ko
[단독기획] 아이오페 맨 프로 레티놀 올인원 120ml 기획 (+30ml),38000.0,https://image.oliveyoung.co.kr/uploads/images/goods/400/10/0000/0019/A00000019927006ko.jpg?l=ko
아이오페 맨 안티에이징 에멀젼EX 120ml,36000.0,https://image.oliveyoung.co.kr/uploads/images/goods/400/10/0000/0018/A00000018466401ko.jpg?l=ko
[NEW] 마녀공장 얼티밋 올인원 선로션 100ml,43000.0,https://image.oliveyoung.co.kr/uploads/images/goods/400/10/0000/0018/A00000018480503ko.jpg?l=ko
피지오겔 레드수딩 AI 진정보습 로션 100ml,25000.0,https://image.oliveyoung.co.kr/uploads/images/goods/400/10/0000/0012/A00000012977209ko.jpg?l=ko
[단독기획]  AHC 온리포맨 포어 프레쉬 올인원에센스 더블 기획 (120ml+120ml),38000.0,https://image.oliveyoung.co.kr/uploads/images/goods/400/10/0000/0014/A00000014921407ko.jpg?l=ko
포맨트 시그니처 올인원 에센스 96ml,28900.0,https://image.oliveyoung.co.kr/uploads/images/goods/400/10/0000/0015/A00000015599406ko.jpg?l=ko
[7월한정/본품증정]닥터지 레드 블레미쉬 포 맨 플루이드/폼 2종기획(+톤로션 2ml*2 증정),46000.0,https://image.oliveyoung.co.kr/uploads/images/goods/400/10/0000/0020/A00000020745904ko.jpg?l=ko
차앤박(CNP) 옴므랩 리차징 로션 100ml 기획세트(+토너31ml&클렌징폼50ml 증정),30000.0,https://image.oliveyoung.co.kr/uploads/images/goods/400/10/0000/0018/A00000018598603ko.jpg?l=ko
닥터지 레드 블레미쉬 포 맨 올인원 크림 150ml,29700.0,https://image.oliveyoung.co.kr/uploads/images/goods/400/10/0000/0015/A00000015799103ko.jpg?l=ko
플리프 시카-알로에 프레쉬 로션 200ml 기획세트 (+50ml 증정),24000.0,https://image.oliveyoung.co.kr/uploads/images/goods/400/10/0000/0016/A00000016447504ko.jpg?l=ko
[NEW] 라운드랩 포 맨 1025 독도 올인원 젤 로션 200ml,24000.0,https://image.oliveyoung.co.kr/uploads/images/goods/400/10/0000/0019/A00000019772204ko.jpg?l=ko
라운드랩 포 맨 자작나무 수분 로션 200ml,24000.0,https://image.oliveyoung.co.kr/uploads/images/goods/400/10/0000/0016/A00000016349420ko.jpg?l=ko
[이찬형 Pick] 아크네스 포맨 퍼펙트 올인원 크림 200ML,28000.0,https://image.oliveyoung.co.kr/uploads/images/goods/400/10/0000/0016/A00000016682208ko.jpg?l=ko
[콜라겐]아이디얼 포 맨 퍼펙트 올인원 기획 2024 AD(150mL+30mL),32000.0,https://image.oliveyoung.co.kr/uploads/images/goods/400/10/0000/0020/A00000020787602ko.jpg?l=ko
[NEW/티벳동생PICK] 토리든 다이브인 포맨 저분자 히알루론산 젤 로션 200ml,22000.0,https://image.oliveyoung.co.kr/uploads/images/goods/400/10/0000/0020/A00000020669202ko.jpg?l=ko
하다라보 고쿠쥰밀크140ml,17000.0,https://image.oliveyoung.co.kr/uploads/images/goods/400/10/0000/0014/A00000014491706ko.jpg?l=ko
[디오디너리] 비타민C 서스펜션 23% + HA 스피어스 2% 30ml,11800.0,https://image.oliveyoung.co.kr/uploads/images/goods/400/10/0000/0014/A00000014131902ko.jpg?l=ko
식물나라 뽀얀쌀 맑은톤 로션 300mL,15800.0,https://image.oliveyoung.co.kr/uploads/images/goods/400/10/0000/0020/A00000020101103ko.jpg?l=ko
아크네스 모이스처 플루이드 150ml,15000.0,https://image.oliveyoung.co.kr/uploads/images/goods/400/10/0000/0015/A00000015081606ko.jpg?l=ko
디오디너리 100% 나이아신아마이드 파우더,8000.0,https://image.oliveyoung.co.kr/uploads/images/goods/400/10/0000/0014/A00000014397303ko.jpg?l=ko
라끄베르 옴므 리차지 시카 에멀전 180ml,15000.0,https://image.oliveyoung.co.kr/uploads/images/goods/400/10/0000/0018/A00000018515701ko.jpg?l=ko
[NEW] 마녀공장 얼티밋 올인원 밀크 120ml,38000.0,https://image.oliveyoung.co.kr/uploads/images/goods/400/10/0000/0018/A00000018506204ko.jpg?l=ko
[한정기획] 피지오겔 DMT로션 200ml+50ml 기획,38000.0,https://image.oliveyoung.co.kr/uploads/images/goods/400/10/0000/0018/A00000018241602ko.jpg?l=ko
[초저분자 히알루론산]아이디얼 포 맨 프레시 올인원 기획 2024 AD(150mL+50mL),30000.0,https://image.oliveyoung.co.kr/uploads/images/goods/400/10/0000/0020/A00000020787902ko.jpg?l=ko
아이오페 맨 올데이 퍼펙트 올인원 120ml,38000.0,https://image.oliveyoung.co.kr/uploads/images/goods/400/10/0000/0018/A00000018530002ko.jpg?l=ko
비오템옴므 아쿠아파워 어드밴스드 젤 로션 100ML,92000.0,https://image.oliveyoung.co.kr/uploads/images/goods/400/10/0000/0018/A00000018650004ko.jpg?l=ko
퓨어덤 옴므 아쿠아 하이드로 올인원 크림 더블 기획(200ml+200ml),15900.0,https://image.oliveyoung.co.kr/uploads/images/goods/400/10/0000/0018/A00000018686007ko.jpg?l=ko
로레알파리 맨 멀티액션8 안티에이징 올인원 50ml,28000.0,https://image.oliveyoung.co.kr/uploads/images/goods/400/10/0000/0020/A00000020842601ko.jpg?l=ko
라운드랩 포 맨 1025 독도 올인원 플루이드 200ml 더블 기획,43000.0,https://image.oliveyoung.co.kr/uploads/images/goods/400/10/0000/0018/A00000018322904ko.jpg?l=ko
[NEW] 마녀공장 얼티밋 올인원 워터젤 120ml,38000.0,https://image.oliveyoung.co.kr/uploads/images/goods/400/10/0000/0018/A00000018506104ko.jpg?l=ko
[NEW] 라운드랩 소나무 진정 시카 로션 250ml,25000.0,https://image.oliveyoung.co.kr/uploads/images/goods/400/10/0000/0018/A00000018478901ko.jpg?l=ko
라운드랩 포 맨 1025 독도 올인원 플루이드 200ml,24000.0,https://image.oliveyoung.co.kr/uploads/images/goods/400/10/0000/0018/A00000018323001ko.jpg?l=ko
닥터지 레드 블레미쉬 포 맨 올인원 오일컷 로션 30ml,100.0,https://image.oliveyoung.co.kr/uploads/images/goods/400/10/0000/0018/A00000018387501ko.jpg?l=ko
랩시리즈 오일 컨트롤 데일리 모이스춰라이저 50ml,66000.0,https://image.oliveyoung.co.kr/uploads/images/goods/400/10/0000/0018/A00000018421602ko.jpg?l=ko
닥터지 레드 블레미쉬 포 맨 올인원 오일컷 로션 150ml,32000.0,https://image.oliveyoung.co.kr/uploads/images/goods/400/10/0000/0018/A00000018227702ko.jpg?l=ko
[NEW] 폴메디슨 옴므 워터화이트닝 올인원 에센스 211ml,13800.0,https://image.oliveyoung.co.kr/uploads/images/goods/400/10/0000/0018/A00000018457901ko.jpg?l=ko
레이지소사이어티 올인원 페이스 솔루션 150ml,15900.0,https://image.oliveyoung.co.kr/uploads/images/goods/400/10/0000/0018/A00000018093503ko.jpg?l=ko
빌리프 맨올로지101 스마트 모이스춰 익스트림 100ml,48000.0,https://image.oliveyoung.co.kr/uploads/images/goods/400/10/0000/0018/A00000018724305ko.jpg?l=ko
레이지소사이어티 시카 애프터쉐이브 로션 100ml,12900.0,https://image.oliveyoung.co.kr/uploads/images/goods/400/10/0000/0018/A00000018093401ko.jpg?l=ko
MAC 라이트풀 C3 래디언트 하이드레이션 스킨 리뉴얼 에멀전,56000.0,https://image.oliveyoung.co.kr/uploads/images/goods/400/10/0000/0017/A00000017996502ko.jpg?l=ko
프리메라 오가니언스 베리어 리페어 하이드레이션 크림 에멀젼 160ml,37000.0,https://image.oliveyoung.co.kr/uploads/images/goods/400/10/0000/0018/A00000018332604ko.jpg?l=ko
센텔리안24 마데카 데일리 리페어 에센스로션 100ml,30000.0,https://image.oliveyoung.co.kr/uploads/images/goods/400/10/0000/0017/A00000017925705ko.jpg?l=ko
로레알파리 맨 이드라파워 쿨링 올인원 120ml,20000.0,https://image.oliveyoung.co.kr/uploads/images/goods/400/10/0000/0020/A00000020842502ko.jpg?l=ko
포엘리에 옴므 진정한 병풀 시카 로션 145ml,19600.0,https://image.oliveyoung.co.kr/uploads/images/goods/400/10/0000/0020/A00000020802901ko.jpg?l=ko
아이오페 스템3 에멀젼 150ml,44000.0,https://image.oliveyoung.co.kr/uploads/images/goods/400/10/0000/0018/A00000018465301ko.jpg?l=ko
록키스 아쿠아 부스트 옴므 올인원 200ml,14800.0,https://image.oliveyoung.co.kr/uploads/images/goods/400/10/0000/0018/A00000018493501ko.jpg?l=ko
케어존 아큐어 클래리파잉 에멀전 200ml,24000.0,https://image.oliveyoung.co.kr/uploads/images/goods/400/10/0000/0018/A00000018272101ko.jpg?l=ko
[NEW] 닥터지 블랙 스네일 옴므 에멀전 150ml,20000.0,https://image.oliveyoung.co.kr/uploads/images/goods/400/10/0000/0019/A00000019146501ko.jpg?l=ko
[시카]아이디얼 포 맨 시카 올인원 기획 2024 AD(150mL+50mL),30000.0,https://image.oliveyoung.co.kr/uploads/images/goods/400/10/0000/0020/A00000020787802ko.jpg?l=ko
아이디얼 포 맨 퍼펙트 올인원 가정의달 퍼펙트 세트,48000.0,https://image.oliveyoung.co.kr/uploads/images/goods/400/10/0000/0020/A00000020383503ko.jpg?l=ko
오브제 모이스처 올인원 로션 200ml,17900.0,https://image.oliveyoung.co.kr/uploads/images/goods/400/10/0000/0020/A00000020344001ko.jpg?l=ko
비욘드 엔젤아쿠아 보습 장벽 로션 200ml,23000.0,https://image.oliveyoung.co.kr/uploads/images/goods/400/10/0000/0020/A00000020385503ko.jpg?l=ko
[한정기획] 피지오겔 DMT 페이셜 로션 200ml+토너 50ml 증정 기획,38000.0,https://image.oliveyoung.co.kr/uploads/images/goods/400/10/0000/0020/A00000020307002ko.jpg?l=ko
비욘드 엔젤아쿠아 포맨 올인원 에센스 더블기획 (200mlX2입)(비건),25000.0,https://image.oliveyoung.co.kr/uploads/images/goods/400/10/0000/0020/A00000020088604ko.jpg?l=ko
플라스킨 흰두유 릴리프 단백질 로션 150ml,25000.0,https://image.oliveyoung.co.kr/uploads/images/goods/400/10/0000/0019/A00000019983409ko.jpg?l=ko
라로제 모이스춰라이징 토닉로션 200ml (멀티토너),31000.0,https://image.oliveyoung.co.kr/uploads/images/goods/400/10/0000/0020/A00000020138601ko.jpg?l=ko
랩시리즈 올인원 트리트먼트 50ml 1+1 기획 (2402),45000.0,https://image.oliveyoung.co.kr/uploads/images/goods/400/10/0000/0019/A00000019982602ko.jpg?l=ko
라끄베르 옴므 리차지 시카 올인원 에센스 150ml 1+1 기획,28000.0,https://image.oliveyoung.co.kr/uploads/images/goods/400/10/0000/0020/A00000020399401ko.jpg?l=ko
다슈 보이 파란 수분초 로션 150ml 기획 (+수분크림 50ml),23000.0,https://image.oliveyoung.co.kr/uploads/images/goods/400/10/0000/0020/A00000020415802ko.jpg?l=ko
[NEW] 피지오겔 시카밸런스 포맨 카밍 플루이드 100ml,38000.0,https://image.oliveyoung.co.kr/uploads/images/goods/400/10/0000/0020/A00000020539201ko.jpg?l=ko
AHC 콜라 쥬비네이션 리프트4 트리트먼트 에멀젼 100ml (온),37000.0,https://image.oliveyoung.co.kr/uploads/images/goods/400/10/0000/0020/A00000020488101ko.jpg?l=ko
[NEW/티벳동생PICK] 토리든 다이브인 포맨 저분자 히알루론산 올인원 200g,24000.0,https://image.oliveyoung.co.kr/uploads/images/goods/400/10/0000/0020/A00000020669105ko.jpg?l=ko
더후 공진향 탄력 에멀젼 110ml,77000.0,https://image.oliveyoung.co.kr/uploads/images/goods/400/10/0000/0020/A00000020464901ko.jpg?l=ko
멜린앤게츠 비타민 E 페이스 모이스쳐라이저 118ml,79000.0,https://image.oliveyoung.co.kr/uploads/images/goods/400/10/0000/0020/A00000020450004ko.jpg?l=ko
다슈 보이 파란 수분초 올인원 150ml 기획 (+수분크림 50ml),23000.0,https://image.oliveyoung.co.kr/uploads/images/goods/400/10/0000/0020/A00000020415902ko.jpg?l=ko
설화수 자음유액 125ml,72000.0,https://image.oliveyoung.co.kr/uploads/images/goods/400/10/0000/0020/A00000020462404ko.jpg?l=ko
[선착순 올인원 미니+ 바디워시 증정]  헤라 옴므 에센스인에멀전 110ML,42000.0,https://image.oliveyoung.co.kr/uploads/images/goods/400/10/0000/0018/A00000018765512ko.jpg?l=ko
랩시리즈 데일리 레스큐 페이스 로션 50ml 기획 (+페이스로션 20ml) (2402),76000.0,https://image.oliveyoung.co.kr/uploads/images/goods/400/10/0000/0019/A00000019982504ko.jpg?l=ko
메디톡스 뉴라덤 뉴로락토 모이스처라이저 80ml,33000.0,https://image.oliveyoung.co.kr/uploads/images/goods/400/10/0000/0020/A00000020684601ko.jpg?l=ko
[NEW] 바버501 올인원 모이스처라이즈 200ml 2중 택 1(비타/시카),22000.0,https://image.oliveyoung.co.kr/uploads/images/goods/400/10/0000/0019/A00000019079404ko.jpg?l=ko
[한정기획]피지오겔 레드수딩 AI로션 200ml 기획(+마스크팩 3매),37500.0,https://image.oliveyoung.co.kr/uploads/images/goods/400/10/0000/0019/A00000019079002ko.jpg?l=ko
[지성피부추천]아이디얼 포 맨 프레시 올인원(150ml+50ml) 기획(2023),28000.0,https://image.oliveyoung.co.kr/uploads/images/goods/400/10/0000/0019/A00000019177004ko.jpg?l=ko
컴포트존 서브라임 스킨 넥&데콜테 플루이드 60ml,129000.0,https://image.oliveyoung.co.kr/uploads/images/goods/400/10/0000/0018/A00000018963101ko.jpg?l=ko
[NEW] 바이오힐보 세라뮨 하이드레이팅 크림 플루이드 150ml,32000.0,https://image.oliveyoung.co.kr/uploads/images/goods/400/10/0000/0018/A00000018925702ko.jpg?l=ko
한율 빨간쌀 보습탄력 에멀젼 125ml,43000.0,https://image.oliveyoung.co.kr/uploads/images/goods/400/10/0000/0018/A00000018894802ko.jpg?l=ko
헤라 하이드로 리플렉팅 플루이드 140ml,58000.0,https://image.oliveyoung.co.kr/uploads/images/goods/400/10/0000/0018/A00000018958901ko.jpg?l=ko
닥터자르트 포어레미디 스무딩 프라이머 (본품30ml+15ml 추가 증정)(단품/기획),40000.0,https://image.oliveyoung.co.kr/uploads/images/goods/400/10/0000/0019/A00000019959404ko.jpg?l=ko
오딧세이 챕터파이브 안티옥시던트 라이트하우스 모이스처라이저 110ml,44000.0,https://image.oliveyoung.co.kr/uploads/images/goods/400/10/0000/0019/A00000019214503ko.jpg?l=ko
아이소이 포맨 아크니 닥터 올인원 100ml 기획 (+진정 올인원 15ml),33000.0,https://image.oliveyoung.co.kr/uploads/images/goods/400/10/0000/0019/A00000019567903ko.jpg?l=ko
프리메라 맨인더핑크 에이지 리페어 올인원 에센스 150ml 기획(+선크림 10ml),37000.0,https://image.oliveyoung.co.kr/uploads/images/goods/400/10/0000/0019/A00000019908112ko.jpg?l=ko
아이소이 포맨 블레미쉬 케어 올인원 100ml 기획 (+잡티 올인원 15ml),36000.0,https://image.oliveyoung.co.kr/uploads/images/goods/400/10/0000/0019/A00000019894702ko.jpg?l=ko
오딧세이 챕터파이브 안티옥시던트 생츄어리 모이스처라이저 110ml,44000.0,https://image.oliveyoung.co.kr/uploads/images/goods/400/10/0000/0019/A00000019214803ko.jpg?l=ko
[1+1 한정기획] 랩시리즈 올인원 트리트먼트 50ml 1+1 기획세트,45000.0,https://image.oliveyoung.co.kr/uploads/images/goods/400/10/0000/0017/A00000017924907ko.jpg?l=ko
[NEW] 라운드랩 포 맨 1025 독도 올인원 젤 로션 200ml 더블 기획,43000.0,https://image.oliveyoung.co.kr/uploads/images/goods/400/10/0000/0019/A00000019773904ko.jpg?l=ko
아이소이 포맨 모이스춰 닥터 올인원 100ml 기획 (+보습 올인원 15ml),33000.0,https://image.oliveyoung.co.kr/uploads/images/goods/400/10/0000/0019/A00000019569903ko.jpg?l=ko
닥터자르트 세라마이딘 스킨 베리어 모이스처라이징 밀키 로션 50ml,49000.0,https://image.oliveyoung.co.kr/uploads/images/goods/400/10/0000/0019/A00000019809001ko.jpg?l=ko
아이오페 맨 올데이 퍼펙트 톤업 올인원 120ml 기획(+30ml),38000.0,https://image.oliveyoung.co.kr/uploads/images/goods/400/10/0000/0020/A00000020600809ko.jpg?l=ko
이지에프올로지 인헨싱 밸런싱 로션 50ml,63000.0,https://image.oliveyoung.co.kr/uploads/images/goods/400/10/0000/0017/A00000017103401ko.jpg?l=ko
[종석 pick]다슈 맨즈 아쿠아 리얼 모이스트 올인원 크림 153ml 기획,18000.0,https://image.oliveyoung.co.kr/uploads/images/goods/400/10/0000/0017/A00000017668006ko.jpg?l=ko
라끄베르 옴므 리차지 시카 올인원 에센스 150ml 기획 (+30ml 증정),28000.0,https://image.oliveyoung.co.kr/uploads/images/goods/400/10/0000/0014/A00000014461802ko.jpg?l=ko
폴라초이스 스킨 발란싱 수분 젤 60ml,49000.0,https://image.oliveyoung.co.kr/uploads/images/goods/400/10/0000/0014/A00000014404104ko.jpg?l=ko
폴라초이스 리지스트 데일리 5% 아하&바하 각질제거제 로션 50ml,52000.0,https://image.oliveyoung.co.kr/uploads/images/goods/400/10/0000/0014/A00000014403605ko.jpg?l=ko
[탄력보습]아이디얼 포 맨 퍼펙트 로션 130ml,25000.0,https://image.oliveyoung.co.kr/uploads/images/goods/400/10/0000/0014/A00000014319904ko.jpg?l=ko
라네즈옴므 블루에너지 에센스인로션 125ml,32000.0,https://image.oliveyoung.co.kr/uploads/images/goods/400/10/0000/0014/A00000014319609ko.jpg?l=ko
크리니크 포맨 맥시멈 하이드레이터 72-아워 오토-리플레니싱 하이드레이터,45000.0,https://image.oliveyoung.co.kr/uploads/images/goods/400/10/0000/0014/A00000014261802ko.jpg?l=ko
디오디너리 내추럴 모이스처라이징 팩터스+에이치에이 100ml,20100.0,https://image.oliveyoung.co.kr/uploads/images/goods/400/10/0000/0014/A00000014130902ko.jpg?l=ko
[김지훈 Pick] 미프 리페어 앤 리프팅,24000.0,https://image.oliveyoung.co.kr/uploads/images/goods/400/10/0000/0014/A00000014089114ko.jpg?l=ko
비오템 라이프 플랑크톤 피부강화 에센스 인 로션 75ml,90000.0,https://image.oliveyoung.co.kr/uploads/images/goods/400/10/0000/0013/A00000013783403ko.jpg?l=ko
차앤박(CNP) 옴므랩 올인원 아쿠아 젤 솔루션,30000.0,https://image.oliveyoung.co.kr/uploads/images/goods/400/10/0000/0014/A00000014468001ko.jpg?l=ko
라네즈옴므 액티브워터 모이스처라이저 125ml,27000.0,https://image.oliveyoung.co.kr/uploads/images/goods/400/10/0000/0013/A00000013765211ko.jpg?l=ko
아크웰 리얼 아쿠아 밸런싱 로션 140ml,25000.0,https://image.oliveyoung.co.kr/uploads/images/goods/400/10/0000/0014/A00000014480314ko.jpg?l=ko
라운드랩 1025 독도 로션 (본품200ml+50ml 추가 증정),20000.0,https://image.oliveyoung.co.kr/uploads/images/goods/400/10/0000/0014/A00000014557623ko.jpg?l=ko
[단독기획] AHC 온리포맨 올인원 에센스 더블 기획 (120ml+120ml),38000.0,https://image.oliveyoung.co.kr/uploads/images/goods/400/10/0000/0014/A00000014921109ko.jpg?l=ko
AHC 온리 포맨 로션 150ml,25000.0,https://image.oliveyoung.co.kr/uploads/images/goods/400/10/0000/0014/A00000014766102ko.jpg?l=ko
[김지훈 Pick] 미프 시카맥스 올인원 기획 (본품 200ml+리필 150ml),38000.0,https://image.oliveyoung.co.kr/uploads/images/goods/400/10/0000/0014/A00000014757718ko.jpg?l=ko
싸이닉 아쿠아 옴므 올인원 모이스처라이저 100ml,15000.0,https://image.oliveyoung.co.kr/uploads/images/goods/400/10/0000/0014/A00000014689602ko.jpg?l=ko
싸이닉 아쿠아 옴므 올인원 플루이드 100ml,15000.0,https://image.oliveyoung.co.kr/uploads/images/goods/400/10/0000/0014/A00000014689403ko.jpg?l=ko
싸이닉 파워 옴므 플루이드 더블 기획 (150ml+150ml),19800.0,https://image.oliveyoung.co.kr/uploads/images/goods/400/10/0000/0014/A00000014680804ko.jpg?l=ko
하다라보 고쿠쥰 프리미엄 밀크140ml,20000.0,https://image.oliveyoung.co.kr/uploads/images/goods/400/10/0000/0014/A00000014626310ko.jpg?l=ko
플리프 시카-알로에 밸런싱 올인원 로션 (본품200ml+50ml 추가 증정),23000.0,https://image.oliveyoung.co.kr/uploads/images/goods/400/10/0000/0014/A00000014583808ko.jpg?l=ko
플리프 시카-알로에 카밍 올인원 로션 200ml (트러블 피부용),24000.0,https://image.oliveyoung.co.kr/uploads/images/goods/400/10/0000/0014/A00000014583512ko.jpg?l=ko
엠도씨 멘진 올인원 선물 세트,37000.0,https://image.oliveyoung.co.kr/uploads/images/goods/400/10/0000/0014/A00000014550311ko.jpg?l=ko
보닌 퓨어 에센셜 에멀전,18000.0,https://image.oliveyoung.co.kr/uploads/images/goods/400/10/0000/0014/A00000014942701ko.jpg?l=ko
바르테라 올인원 젤 모이스춰라이저,32000.0,https://image.oliveyoung.co.kr/uploads/images/goods/400/10/0000/0013/A00000013747002ko.jpg?l=ko
싸이닉 더 심플 데일리 로션 260ml,18000.0,https://image.oliveyoung.co.kr/uploads/images/goods/400/10/0000/0013/A00000013707811ko.jpg?l=ko
크리니크 드라마티컬리 디퍼런트 모이스춰라이징 로션+125ml (건복합용),55000.0,https://image.oliveyoung.co.kr/uploads/images/goods/400/10/0000/0010/A00000010417308ko.jpeg?l=ko
크리니크 안티-블레미쉬 솔루션 올-오버 클리어링 트리트먼트 오일-프리 50ml,40000.0,https://image.oliveyoung.co.kr/uploads/images/goods/400/10/0000/0010/A00000010414602ko.jpeg?l=ko
엠도씨 안티 링클 스킨 플러스 로션 150ml,25000.0,https://image.oliveyoung.co.kr/uploads/images/goods/400/10/0000/0010/A00000010390005ko.jpg?l=ko
코스알엑스 오일-프리 울트라 모이스쳐라이징 로션 100ml,19000.0,https://image.oliveyoung.co.kr/uploads/images/goods/400/10/0000/0010/A00000010332002ko.jpg?l=ko
우르오스 올인원 스킨컨디셔너 60g,25000.0,https://image.oliveyoung.co.kr/uploads/images/goods/400/10/0000/0001/A00000001597110ko.jpg?l=ko
케어존 피큐어 포어 튜닝 에멀전 EX 170ml,25000.0,https://image.oliveyoung.co.kr/uploads/images/goods/400/10/0000/0001/A00000001408902ko.jpg?l=ko
엠도씨 세붐 스트라이크 세럼 100ml,20000.0,https://image.oliveyoung.co.kr/uploads/images/goods/400/10/0000/0001/A00000001108804ko.jpg?l=ko
엠도씨 릴리프 에센스 에멀젼 100ml,22000.0,https://image.oliveyoung.co.kr/uploads/images/goods/400/10/0000/0001/A00000001108703ko.jpg?l=ko
엠도씨 화이트닝 스킨 플러스 로션 150ml,23000.0,https://image.oliveyoung.co.kr/uploads/images/goods/400/10/0000/0001/A00000001108604ko.jpg?l=ko
크리니크 드라마티컬리 디퍼런트 모이스춰라이징 젤 125ml (지복합용),55000.0,https://image.oliveyoung.co.kr/uploads/images/goods/400/10/0000/0010/A00000010417604ko.jpeg?l=ko
[이찬형 Pick] 아크네스 포맨 퍼펙트 올인원 200ml,27000.0,https://image.oliveyoung.co.kr/uploads/images/goods/400/10/0000/0013/A00000013738617ko.jpg?l=ko
크리니크 포 맨 모이스춰라이징 로션 100ml,56000.0,https://image.oliveyoung.co.kr/uploads/images/goods/400/10/0000/0010/A00000010497202ko.jpeg?l=ko
크리니크 드라마티컬리 디퍼런트 하이드레이팅 젤리 125ml,55000.0,https://image.oliveyoung.co.kr/uploads/images/goods/400/10/0000/0011/A00000011538602ko.jpeg?l=ko
[일명 재탄생에멀젼] 네오젠 프로바이오틱스 유스 리페어 에멀젼 100ml,34000.0,https://image.oliveyoung.co.kr/uploads/images/goods/400/10/0000/0013/A00000013559103ko.jpg?l=ko
라끌랑 남자를 위한 올인원 로션 150ml,35000.0,https://image.oliveyoung.co.kr/uploads/images/goods/400/10/0000/0013/A00000013080901ko.jpg?l=ko
[증량] 닥터자르트 컨트롤에이 티트리먼트 모이스처라이저 100ml (티트리 약산성 보습크림),47000.0,https://image.oliveyoung.co.kr/uploads/images/goods/400/10/0000/0012/A00000012832201ko.jpg?l=ko
눅스 맨 애프터쉐이브 수딩 밤 50ml,33000.0,https://image.oliveyoung.co.kr/uploads/images/goods/400/10/0000/0012/A00000012584505ko.jpg?l=ko
눅스 맨 올인원 모이스춰라이징 젤 50ml,39000.0,https://image.oliveyoung.co.kr/uploads/images/goods/400/10/0000/0012/A00000012584104ko.jpg?l=ko
다슈 맨즈 아쿠아 리얼 모이스트 올인원크림 153ml,18000.0,https://image.oliveyoung.co.kr/uploads/images/goods/400/10/0000/0012/A00000012221201ko.jpg?l=ko
싸이닉 더 심플 데일리 로션 145ml,18000.0,https://image.oliveyoung.co.kr/uploads/images/goods/400/10/0000/0012/A00000012126813ko.jpg?l=ko
눅스 아쿠아벨라 로션 50ml,36000.0,https://image.oliveyoung.co.kr/uploads/images/goods/400/10/0000/0011/A00000011660104ko.jpg?l=ko
셀퓨전씨 트리악 모이스처 젤 오인트 100ml,28000.0,https://image.oliveyoung.co.kr/uploads/images/goods/400/10/0000/0011/A00000011541908ko.jpg?l=ko
[김지훈 Pick] 미프 모이스처 올인원 리필 기획세트 200ml+150ml,34000.0,https://image.oliveyoung.co.kr/uploads/images/goods/400/10/0000/0010/A00000010783711ko.jpg?l=ko
아크네스 포맨 퍼펙트 올인원 기획 (본품200ml+폼클렌저150g 증정),27000.0,https://image.oliveyoung.co.kr/uploads/images/goods/400/10/0000/0015/A00000015021413ko.jpg?l=ko
코스알엑스 에이씨컬렉션 라이트웨이트 수딩 모이스처라이저 80ml,18000.0,https://image.oliveyoung.co.kr/uploads/images/goods/400/10/0000/0015/A00000015153001ko.jpg?l=ko
엠도씨 시카 화이트닝 올인원 스페셜 세트 130ml+30ml,38000.0,https://image.oliveyoung.co.kr/uploads/images/goods/400/10/0000/0015/A00000015200404ko.jpg?l=ko
[선착순 올인원 미니+ 바디워시 증정] 헤라 옴므 올인원 스킨 하이드로 트리트먼트 150ML,48000.0,https://image.oliveyoung.co.kr/uploads/images/goods/400/10/0000/0016/A00000016741115ko.jpg?l=ko
볼드포뮬러 에센스로션 100ml,27000.0,https://image.oliveyoung.co.kr/uploads/images/goods/400/10/0000/0016/A00000016736303ko.jpg?l=ko
그라펜 제주해수 올인원 로션 200ml 1+1 기획세트 (2205리뉴얼),22000.0,https://image.oliveyoung.co.kr/uploads/images/goods/400/10/0000/0016/A00000016723901ko.jpg?l=ko
크리니크 포맨 오일-프리 모이스춰라이저 100ml,56000.0,https://image.oliveyoung.co.kr/uploads/images/goods/400/10/0000/0016/A00000016647402ko.jpeg?l=ko
랩시리즈 올인원 디펜스 로션 SPF35 PA++++ 50ml,58000.0,https://image.oliveyoung.co.kr/uploads/images/goods/400/10/0000/0016/A00000016642711ko.jpg?l=ko
BRTC 트레이너 옴므 올인원 밀크 200ml 기획 (+50ml 증정),30000.0,https://image.oliveyoung.co.kr/uploads/images/goods/400/10/0000/0016/A00000016560306ko.jpg?l=ko
라끄베르 옴므 리차지 올인원 에센스 1+1 한정기획 (150ml+150ml),28000.0,https://image.oliveyoung.co.kr/uploads/images/goods/400/10/0000/0016/A00000016555201ko.jpg?l=ko
라끄베르 옴므 리차지 올인원 에센스 150ml 기획 (+30ml 증정),28000.0,https://image.oliveyoung.co.kr/uploads/images/goods/400/10/0000/0016/A00000016555102ko.jpg?l=ko
차앤박(CNP) 옴므랩 안티에이징 솔루션 110ml 증량기획 (+80ml 증정),33000.0,https://image.oliveyoung.co.kr/uploads/images/goods/400/10/0000/0016/A00000016554704ko.jpg?l=ko
피지오겔 DMT 포맨 플루이드 100ml,35000.0,https://image.oliveyoung.co.kr/uploads/images/goods/400/10/0000/0016/A00000016918204ko.jpg?l=ko
스케다 스킨 브라이트 올인원 135ml,22000.0,https://image.oliveyoung.co.kr/uploads/images/goods/400/10/0000/0016/A00000016481902ko.jpg?l=ko
[단독기획] 라네즈옴므 크림 스킨 옴므 올인원 150ml 기획(+25ml+25ml),28000.0,https://image.oliveyoung.co.kr/uploads/images/goods/400/10/0000/0017/A00000017003418ko.jpg?l=ko
비오템옴므 티쀼르 모이스춰라이저 50ml,110000.0,https://image.oliveyoung.co.kr/uploads/images/goods/400/10/0000/0017/A00000017042101ko.jpg?l=ko
크리니크 포 맨 안티 에이지 모이스춰라이저 100ml,72000.0,https://image.oliveyoung.co.kr/uploads/images/goods/400/10/0000/0017/A00000017605902ko.jpeg?l=ko
BRTC 파워 옴므 올인원 솔루션 200ml 기획(+50ml 증정),28000.0,https://image.oliveyoung.co.kr/uploads/images/goods/400/10/0000/0017/A00000017596406ko.jpg?l=ko
아이디얼 포맨 퍼펙트올인원 탄력크림 기획세트 (퍼펙트 스킨 31ml 증정),30000.0,https://image.oliveyoung.co.kr/uploads/images/goods/400/10/0000/0017/A00000017585802ko.jpg?l=ko
일소 데일리 모이스처 소프트닝 로션 150ml,23000.0,https://image.oliveyoung.co.kr/uploads/images/goods/400/10/0000/0017/A00000017470905ko.jpg?l=ko
크리니크 드라마티컬리 디퍼런트 모이스춰라이징 로션 30ml,11000.0,https://image.oliveyoung.co.kr/uploads/images/goods/400/10/0000/0017/A00000017457602ko.jpeg?l=ko
랩시리즈 올-인-원 훼이스 트리트먼트 100ml,72000.0,https://image.oliveyoung.co.kr/uploads/images/goods/400/10/0000/0017/A00000017452009ko.jpg?l=ko
포엘리에 옴므 올인원 5IN1 퍼펙트로션 150ml,22000.0,https://image.oliveyoung.co.kr/uploads/images/goods/400/10/0000/0017/A00000017438402ko.jpg?l=ko
[대용량]닥터방기원 시카마이드 블레미쉬 카밍 올인원 300ml,17900.0,https://image.oliveyoung.co.kr/uploads/images/goods/400/10/0000/0018/B00000018408402ko.jpg?l=ko
유세린 이븐래디언스 모이스처라이저 50ml,38000.0,https://image.oliveyoung.co.kr/uploads/images/goods/400/10/0000/0017/A00000017069018ko.jpg?l=ko
비오템옴므 포스 수프림 모이스춰라이저 50ml,170000.0,https://image.oliveyoung.co.kr/uploads/images/goods/400/10/0000/0017/A00000017042001ko.jpg?l=ko
차앤박(CNP) 옴므랩 리차징 로션 100ml,30000.0,https://image.oliveyoung.co.kr/uploads/images/goods/400/10/0000/0016/A00000016439801ko.jpg?l=ko
닥터지 더모이스처 배리어 D 로션세트(200ml+30ml),34000.0,https://image.oliveyoung.co.kr/uploads/images/goods/400/10/0000/0016/A00000016365509ko.jpg?l=ko
플리프 시카-알로에 프레쉬 로션 200ml,24000.0,https://image.oliveyoung.co.kr/uploads/images/goods/400/10/0000/0016/A00000016352003ko.jpg?l=ko
포맨트 시그니처 올인원 에센스 모이스처 플러스 150ml,29000.0,https://image.oliveyoung.co.kr/uploads/images/goods/400/10/0000/0015/A00000015599507ko.jpg?l=ko
달팡 인트랄 액티브 스태빌라이징 로션 100ml,102000.0,https://image.oliveyoung.co.kr/uploads/images/goods/400/10/0000/0015/A00000015462605ko.jpg?l=ko
BRTC 파워 옴므 올인원 솔루션 더블 기획(200mlX2),50400.0,https://image.oliveyoung.co.kr/uploads/images/goods/400/10/0000/0015/A00000015419908ko.jpg?l=ko
그라펜 제주 해수 올인원 로션 200ml,22000.0,https://image.oliveyoung.co.kr/uploads/images/goods/400/10/0000/0015/A00000015413824ko.jpg?l=ko
리우젤 하이드 레이팅 페이스 모이스처 라이저 3.38oz (100ml),41800.0,https://image.oliveyoung.co.kr/uploads/images/goods/400/10/0000/0015/A00000015411804ko.jpg?l=ko
BRTC 파워 옴므 올인원 솔루션 200ml,28000.0,https://image.oliveyoung.co.kr/uploads/images/goods/400/10/0000/0015/A00000015326909ko.jpg?l=ko
마녀공장 비피다 바이옴 앰플 로션 300ml,25000.0,https://image.oliveyoung.co.kr/uploads/images/goods/400/10/0000/0015/A00000015228605ko.jpg?l=ko
AHC 온리 포 맨 포어 프레쉬 올인원 에센스 120ml,38000.0,https://image.oliveyoung.co.kr/uploads/images/goods/400/10/0000/0015/A00000015201602ko.jpg?l=ko
AHC 온리 포 맨 포어 프레쉬 에멀젼 150ml,25000.0,https://image.oliveyoung.co.kr/uploads/images/goods/400/10/0000/0015/A00000015201502ko.jpg?l=ko
비욘드 엔젤아쿠아 포맨 올인원 에센스 더블 기획 (200ml+200ml),25000.0,https://image.oliveyoung.co.kr/uploads/images/goods/400/10/0000/0015/A00000015689607ko.jpg?l=ko
랩시리즈 데일리 레스큐 하이드레이팅 에멀전 50ml,62000.0,https://image.oliveyoung.co.kr/uploads/images/goods/400/10/0000/0015/A00000015811007ko.jpg?l=ko
랩시리즈 올-인-원 훼이스 트리트먼트 50ml,45000.0,https://image.oliveyoung.co.kr/uploads/images/goods/400/10/0000/0015/A00000015811328ko.jpg?l=ko
엠도씨 멘진 올인원 드로즈 기획,37000.0,https://image.oliveyoung.co.kr/uploads/images/goods/400/10/0000/0015/A00000015936606ko.jpg?l=ko
[장벽강화] 마리엔메이 비타민C+비피다 로션 120ml,19500.0,https://image.oliveyoung.co.kr/uploads/images/goods/400/10/0000/0016/A00000016261506ko.jpg?l=ko
라네즈 워터뱅크 블루히알루로닉 에멀젼(중건성) 120ml,35000.0,https://image.oliveyoung.co.kr/uploads/images/goods/400/10/0000/0016/A00000016205404ko.jpg?l=ko
우르오스 페이셜케어 기획세트 중건성&지복합성 택 1,42900.0,https://image.oliveyoung.co.kr/uploads/images/goods/400/10/0000/0016/A00000016177809ko.jpg?l=ko
우르오스 지복합성 페이셜케어 기획세트(스킨로션200ml+페이스워시100g),42900.0,https://image.oliveyoung.co.kr/uploads/images/goods/400/10/0000/0016/A00000016177705ko.jpg?l=ko
[선착순 올인원 미니+ 바디워시 증정] 헤라 옴므 파워부스팅 모이스춰라이저 110ML,69000.0,https://image.oliveyoung.co.kr/uploads/images/goods/400/10/0000/0017/A00000017807609ko.jpg?l=ko
우르오스 중건성 페이셜케어 기획세트(스킨밀크200ml+페이스워시100g),42900.0,https://image.oliveyoung.co.kr/uploads/images/goods/400/10/0000/0016/A00000016177605ko.jpg?l=ko
"비얼라우 콤부차,레몬 비건 올인원 200g+30g 기획",32000.0,https://image.oliveyoung.co.kr/uploads/images/goods/400/10/0000/0016/A00000016128209ko.jpg?l=ko
"비얼라우 무화과,부활초 비건 올인원 200g+30g 기획",32000.0,https://image.oliveyoung.co.kr/uploads/images/goods/400/10/0000/0016/A00000016127906ko.jpg?l=ko
닥터지 레드 블레미쉬 포 맨 올인원 플루이드 150ml + 젠틀 클렌징폼 150ml,46000.0,https://image.oliveyoung.co.kr/uploads/images/goods/400/10/0000/0016/A00000016039504ko.jpg?l=ko
그라펜 제주해수 올인원 로션 프레쉬 200ml,22000.0,https://image.oliveyoung.co.kr/uploads/images/goods/400/10/0000/0016/A00000016030503ko.jpg?l=ko
무슈제이 밀크 톤업 올인원 200ml,24900.0,https://image.oliveyoung.co.kr/uploads/images/goods/400/10/0000/0016/A00000016165425ko.jpg?l=ko
[대용량]닥터방기원 시카마이드 딥 모이스처 밸런싱 올인원 300ml,17900.0,https://image.oliveyoung.co.kr/uploads/images/goods/400/10/0000/0018/B00000018408601ko.jpg?l=ko
